City_ID,City,Lat,Lng,Max Temp,Humidity,Cloudiness,Wind Speed,Country,Date
0,puerto ayora,-0.7393,-90.3518,84.2,79.0,40.0,13.8,EC,1614710662.0
1,yellowknife,62.456,-114.3525,-7.01,77.0,90.0,12.66,CA,1614710662.0
2,hobart,-42.8794,147.3294,48.99,76.0,40.0,5.75,AU,1614710662.0
3,deshnok,27.7986,73.3447,64.51,23.0,0.0,3.51,IN,1614710663.0
4,albany,42.6001,-73.9662,24.01,30.0,0.0,5.01,US,1614710663.0
5,nanortalik,60.1432,-45.2371,32.41,85.0,3.0,7.23,GL,1614710664.0
6,coruripe,-10.1256,-36.1756,82.47,64.0,0.0,12.46,BR,1614710664.0
7,provideniya,64.3833,-173.3,-16.64,81.0,20.0,9.82,RU,1614710664.0
8,cape town,-33.9258,18.4232,71.01,82.0,0.0,8.05,ZA,1614710665.0
9,butaritari,3.0707,172.7902,80.89,82.0,5.0,17.81,KI,1614710665.0
10,kahului,20.8947,-156.47,70.0,73.0,20.0,17.27,US,1614710666.0
11,oussouye,12.485,-16.5469,100.4,44.0,0.0,11.5,SN,1614710666.0
12,severodvinsk,64.5635,39.8302,26.6,74.0,75.0,17.9,RU,1614710667.0
13,san patricio,28.017,-97.5169,61.0,63.0,75.0,12.66,US,1614710667.0
14,lompoc,34.6391,-120.4579,62.01,37.0,1.0,7.27,US,1614710668.0
15,hermanus,-34.4187,19.2345,64.99,87.0,0.0,5.32,ZA,1614710668.0
16,valdez,1.2492,-78.9831,81.64,70.0,22.0,8.03,EC,1614710668.0
17,carthage,36.8611,10.3316,59.0,72.0,20.0,8.05,TN,1614710669.0
18,los llanos de aridane,28.6585,-17.9182,66.2,68.0,75.0,4.61,ES,1614710669.0
19,nikolskoye,59.7035,30.7861,33.01,74.0,0.0,11.18,RU,1614710670.0
20,codrington,-38.2667,141.9667,55.53,66.0,100.0,9.28,AU,1614710670.0
21,kodiak,57.79,-152.4072,28.4,69.0,1.0,9.22,US,1614710671.0
22,khatanga,71.9667,102.5,-37.62,94.0,53.0,4.74,RU,1614710671.0
24,punta arenas,-53.15,-70.9167,59.0,36.0,0.0,13.8,CL,1614710671.0
25,camacupa,-12.0167,17.4833,64.99,77.0,7.0,2.91,AO,1614710672.0
26,torbay,47.6666,-52.7314,34.0,100.0,90.0,13.8,CA,1614710672.0
27,tateyama,34.9833,139.8667,45.0,38.0,6.0,3.0,JP,1614710672.0
28,saint-joseph,-21.3667,55.6167,78.8,61.0,0.0,10.36,RE,1614710673.0
29,lata,40.1629,-8.3327,57.0,82.0,77.0,2.53,PT,1614710673.0
30,victoria,22.2855,114.1577,64.99,87.0,98.0,3.0,HK,1614710674.0
31,bambous virieux,-20.3428,57.7575,78.8,78.0,75.0,8.05,MU,1614710674.0
32,busselton,-33.65,115.3333,66.99,83.0,34.0,3.0,AU,1614710674.0
33,bulembu,-25.9667,31.1333,71.01,88.0,20.0,8.05,SZ,1614710675.0
34,pisco,-13.7,-76.2167,80.6,57.0,75.0,8.05,PE,1614710675.0
35,bengkulu,-3.8004,102.2655,75.47,88.0,96.0,3.87,ID,1614710676.0
36,cherdyn,60.403,56.4787,16.18,97.0,100.0,7.31,RU,1614710676.0
37,vaini,-21.2,-175.2,77.0,88.0,90.0,10.36,TO,1614710677.0
38,araruama,-22.8728,-42.3431,87.8,55.0,20.0,21.85,BR,1614710677.0
39,souillac,-20.5167,57.5167,78.8,78.0,75.0,8.05,MU,1614710677.0
40,tasiilaq,65.6145,-37.6368,19.4,58.0,40.0,3.44,GL,1614710678.0
41,kattivakkam,13.2167,80.3167,73.4,88.0,20.0,7.2,IN,1614710678.0
43,barrow,71.2906,-156.7887,-22.0,69.0,90.0,12.66,US,1614710679.0
44,fairbanks,64.8378,-147.7164,6.01,85.0,90.0,2.48,US,1614710679.0
45,bluff,-46.6,168.3333,57.0,97.0,44.0,3.0,NZ,1614710679.0
46,ilulissat,69.2167,-51.1,26.6,50.0,75.0,14.97,GL,1614710680.0
47,port lincoln,-34.7333,135.8667,59.4,83.0,4.0,16.31,AU,1614710680.0
48,klaksvik,62.2266,-6.589,44.6,81.0,90.0,4.61,FO,1614710680.0
49,singaraja,-8.112,115.0882,79.3,75.0,58.0,1.61,ID,1614710681.0
50,xining,36.6167,101.7667,27.07,78.0,0.0,1.57,CN,1614710681.0
51,mbulu,-3.85,35.5333,63.1,68.0,90.0,8.7,TZ,1614710682.0
52,kautokeino,69.0125,23.0412,21.99,92.0,6.0,12.82,NO,1614710682.0
53,atuona,-9.8,-139.0333,79.81,79.0,40.0,16.58,PF,1614710683.0
54,the valley,18.217,-63.0578,80.6,65.0,20.0,14.97,AI,1614710683.0
56,miandrivazo,-19.5167,45.4667,79.38,78.0,100.0,4.0,MG,1614710684.0
57,kupang,-10.1667,123.5833,79.11,80.0,90.0,5.79,ID,1614710684.0
58,rikitea,-23.1203,-134.9692,77.67,69.0,99.0,2.39,PF,1614710685.0
59,inta,66.0317,60.1659,9.25,93.0,98.0,5.21,RU,1614710685.0
60,thompson,55.7435,-97.8558,6.8,72.0,75.0,6.91,CA,1614710686.0
61,port alfred,-33.5906,26.891,79.74,55.0,100.0,12.03,ZA,1614710686.0
62,ushuaia,-54.8,-68.3,55.4,44.0,75.0,4.61,AR,1614710686.0
63,mbini,1.574,9.6134,81.12,82.0,100.0,5.53,GQ,1614710687.0
64,wattegama,6.7989,81.4808,73.4,94.0,0.0,5.75,LK,1614710687.0
65,bredasdorp,-34.5322,20.0403,66.2,82.0,0.0,4.61,ZA,1614710687.0
66,kota bahru,6.1333,102.2386,80.6,78.0,20.0,3.44,MY,1614710688.0
67,zhigansk,66.7697,123.3711,-32.03,84.0,30.0,6.04,RU,1614710688.0
68,washington,47.5001,-120.5015,45.0,54.0,95.0,3.94,US,1614710688.0
69,tiksi,71.6872,128.8694,-31.63,83.0,100.0,1.97,RU,1614710689.0
70,east london,-33.0153,27.9116,71.6,88.0,20.0,9.22,ZA,1614710689.0
71,ulladulla,-35.35,150.4667,57.99,100.0,90.0,3.44,AU,1614710689.0
72,medea,36.2642,2.7539,59.0,94.0,75.0,6.91,DZ,1614710690.0
74,komsomolskiy,40.4272,71.7189,46.4,53.0,100.0,4.61,UZ,1614710690.0
75,portland,45.5234,-122.6762,50.0,81.0,75.0,3.44,US,1614710691.0
76,praia da vitoria,38.7333,-27.0667,60.01,88.0,40.0,25.9,PT,1614710691.0
77,bosaso,11.2842,49.1816,77.25,78.0,42.0,3.62,SO,1614710692.0
78,ancud,-41.8697,-73.8203,75.2,41.0,0.0,6.91,CL,1614710692.0
79,bambanglipuro,-7.95,110.2833,77.07,88.0,100.0,2.91,ID,1614710692.0
80,vardo,70.3705,31.1107,28.4,69.0,75.0,21.85,NO,1614710692.0
81,ribeira grande,38.5167,-28.7,55.4,94.0,75.0,10.36,PT,1614710692.0
82,saskylakh,71.9167,114.0833,-42.34,80.0,32.0,0.63,RU,1614710693.0
83,luderitz,-26.6481,15.1594,69.73,64.0,0.0,11.14,NA,1614710693.0
85,quatre cocos,-20.2078,57.7625,78.8,78.0,75.0,8.05,MU,1614710694.0
86,chokurdakh,70.6333,147.9167,-27.26,86.0,98.0,6.04,RU,1614710694.0
87,evensk,61.95,159.2333,-2.13,98.0,98.0,1.59,RU,1614710695.0
88,inirida,3.8653,-67.9239,91.26,48.0,98.0,2.62,CO,1614710695.0
89,new norfolk,-42.7826,147.0587,48.0,66.0,1.0,3.38,AU,1614710695.0
90,dikson,73.5069,80.5464,-24.63,80.0,0.0,6.46,RU,1614710696.0
91,bhayavadar,21.85,70.25,68.31,33.0,0.0,6.82,IN,1614710696.0
92,pangnirtung,66.1451,-65.7125,24.8,100.0,90.0,2.3,CA,1614710697.0
93,anadyr,64.75,177.4833,-20.2,76.0,0.0,20.13,RU,1614710697.0
94,saint george,37.1041,-113.5841,57.99,21.0,1.0,5.75,US,1614710697.0
95,qaanaaq,77.484,-69.3632,-4.86,73.0,69.0,8.9,GL,1614710698.0
96,chardara,41.2547,67.9692,44.58,67.0,100.0,13.29,KZ,1614710698.0
98,thinadhoo,0.5333,72.9333,82.54,75.0,65.0,13.4,MV,1614710699.0
99,booue,-0.0921,11.9385,76.8,88.0,91.0,1.66,GA,1614710699.0
101,show low,34.2542,-110.0298,52.0,18.0,1.0,3.04,US,1614710700.0
102,georgetown,5.4112,100.3354,82.4,83.0,20.0,3.44,MY,1614710700.0
103,cabo san lucas,22.8909,-109.9124,79.0,60.0,1.0,2.3,MX,1614710700.0
104,requena,39.4883,-1.1004,55.99,84.0,97.0,7.2,ES,1614710701.0
105,west des moines,41.572,-93.7453,51.01,43.0,1.0,16.11,US,1614710701.0
106,hay river,60.8156,-115.7999,5.0,72.0,100.0,4.61,CA,1614710701.0
107,starozhilovo,54.2254,39.916,33.01,83.0,94.0,9.8,RU,1614710701.0
108,hithadhoo,-0.6,73.0833,82.35,74.0,9.0,12.82,MV,1614710702.0
110,mataura,-46.1927,168.8643,57.0,97.0,100.0,3.0,NZ,1614710702.0
111,axim,4.8699,-2.2405,80.51,83.0,61.0,5.97,GH,1614710703.0
112,kalino,58.2504,57.6085,16.61,91.0,99.0,9.51,RU,1614710703.0
113,krasnoarmeysk,51.0239,45.6969,34.0,86.0,100.0,8.01,RU,1614710703.0
114,itaperuna,-21.205,-41.8878,81.23,76.0,45.0,7.07,BR,1614710704.0
115,san policarpo,12.1791,125.5072,78.42,81.0,1.0,10.96,PH,1614710704.0
116,yablonovo,50.8523,37.3574,32.0,100.0,90.0,13.42,RU,1614710705.0
117,omaruru,-21.4333,15.9333,76.39,44.0,32.0,4.56,NA,1614710705.0
118,mancora,-4.1078,-81.0475,84.2,70.0,40.0,10.36,PE,1614710706.0
119,cabedelo,-6.9811,-34.8339,86.0,66.0,40.0,14.97,BR,1614710706.0
120,bethel,41.3712,-73.414,28.99,29.0,1.0,20.71,US,1614710707.0
121,cayenne,4.9333,-52.3333,73.4,94.0,75.0,4.61,GF,1614710707.0
122,alyangula,-13.8483,136.4192,83.59,74.0,72.0,12.48,AU,1614710708.0
124,clyde river,70.4692,-68.5914,-7.6,84.0,90.0,12.66,CA,1614710708.0
125,carnarvon,-24.8667,113.6333,71.6,100.0,40.0,10.36,AU,1614710709.0
126,havre,49.5833,0.3333,55.4,47.0,0.0,3.44,FR,1614710709.0
127,ruidoso,33.3317,-105.673,50.0,17.0,1.0,4.61,US,1614710709.0
128,pedasi,7.5333,-80.0333,82.31,67.0,4.0,15.73,PA,1614710710.0
129,westport,41.1415,-73.3579,32.0,24.0,1.0,26.46,US,1614710710.0
130,constitucion,-35.3333,-72.4167,68.22,74.0,14.0,6.26,CL,1614710710.0
132,mehamn,71.0357,27.8492,30.2,55.0,75.0,28.77,NO,1614710711.0
133,kamenka,51.3223,42.7678,33.01,95.0,100.0,11.95,RU,1614710711.0
134,jabinyanah,35.035,10.9081,60.8,72.0,20.0,16.11,TN,1614710711.0
135,tuatapere,-46.1333,167.6833,57.0,97.0,18.0,3.0,NZ,1614710712.0
136,ulaanbaatar,47.9077,106.8832,15.8,73.0,40.0,4.74,MN,1614710712.0
137,mecca,21.4267,39.8261,73.8,42.0,0.0,5.06,SA,1614710712.0
138,narsaq,60.9167,-46.05,39.2,24.0,40.0,39.12,GL,1614710713.0
139,tautira,-17.7333,-149.15,84.2,79.0,40.0,11.5,PF,1614710713.0
140,mazara del vallo,37.6641,12.588,57.2,77.0,20.0,3.44,IT,1614710714.0
141,leningradskiy,69.3833,178.4167,-23.76,84.0,86.0,6.51,RU,1614710714.0
142,mahebourg,-20.4081,57.7,78.8,78.0,75.0,8.05,MU,1614710714.0
143,kumbo,6.2,10.6667,68.47,26.0,4.0,5.39,CM,1614710715.0
144,asyut,27.181,31.1837,60.8,55.0,0.0,11.5,EG,1614710715.0
145,saint-philippe,-21.3585,55.7679,78.8,61.0,0.0,10.36,RE,1614710716.0
146,lorengau,-2.0226,147.2712,82.31,80.0,100.0,11.74,PG,1614710716.0
147,ponnani,10.767,75.9252,80.6,74.0,20.0,5.75,IN,1614710716.0
148,odweyne,9.4092,45.064,67.32,64.0,0.0,7.96,SO,1614710717.0
149,homa bay,-0.5273,34.4571,78.8,73.0,75.0,10.36,KE,1614710717.0
150,san matias,-16.3667,-58.4,89.98,55.0,96.0,2.08,BO,1614710717.0
151,pascagoula,30.3658,-88.5561,48.2,93.0,90.0,9.22,US,1614710717.0
152,camacha,33.0833,-16.3333,60.8,63.0,20.0,6.91,PT,1614710718.0
153,nioki,-2.7167,17.6833,76.37,84.0,85.0,4.92,CD,1614710718.0
154,jamestown,42.097,-79.2353,30.99,54.0,1.0,7.23,US,1614710718.0
155,flin flon,54.7682,-101.865,8.6,72.0,90.0,8.05,CA,1614710719.0
156,pirapora,-17.345,-44.9419,81.45,62.0,78.0,7.25,BR,1614710719.0
157,aswan,24.0934,32.907,65.03,27.0,0.0,12.64,EG,1614710719.0
158,bilma,18.6853,12.9164,74.77,10.0,39.0,7.7,NE,1614710719.0
160,vrises,35.492,23.8899,53.01,76.0,75.0,11.5,GR,1614710720.0
161,uryupinsk,50.8047,42.0138,33.01,95.0,100.0,12.06,RU,1614710720.0
162,esperance,-33.8667,121.9,64.4,82.0,90.0,14.97,AU,1614710721.0
163,jalu,29.0331,21.5482,62.2,41.0,0.0,9.19,LY,1614710721.0
164,bourail,-21.5667,165.4833,73.83,85.0,100.0,4.54,NC,1614710721.0
165,sao filipe,14.8961,-24.4956,70.75,74.0,100.0,7.09,CV,1614710722.0
166,port hedland,-20.3167,118.5667,77.0,100.0,90.0,5.75,AU,1614710722.0
167,luganville,-15.5333,167.1667,80.42,82.0,100.0,0.96,VU,1614710723.0
168,banyo,6.75,11.8167,74.73,22.0,0.0,4.23,CM,1614710724.0
169,lebu,-37.6167,-73.65,63.97,72.0,93.0,17.22,CL,1614710724.0
170,kununurra,-15.7667,128.7333,78.8,78.0,2.0,4.61,AU,1614710724.0
171,kailua,21.4022,-157.7394,71.6,68.0,40.0,17.27,US,1614710725.0
172,sumbe,-11.2061,13.8437,78.71,83.0,100.0,4.97,AO,1614710725.0
173,airai,-8.9266,125.4092,60.15,100.0,100.0,2.17,TL,1614710725.0
174,fort nelson,58.8053,-122.7002,5.0,78.0,75.0,3.44,CA,1614710725.0
175,atambua,-9.1061,124.8925,73.02,88.0,94.0,0.45,ID,1614710725.0
176,adrar,20.5022,-10.0711,72.46,20.0,0.0,10.49,MR,1614710726.0
177,avera,33.194,-82.5271,48.2,57.0,90.0,4.61,US,1614710726.0
178,gornyy,55.1153,83.9059,6.01,79.0,84.0,2.8,RU,1614710726.0
179,alice springs,-23.7,133.8833,77.0,29.0,0.0,8.05,AU,1614710726.0
180,whitehaven,54.549,-3.5841,36.0,94.0,0.0,2.04,GB,1614710726.0
181,bjornevatn,69.6672,29.9847,24.8,86.0,0.0,16.11,NO,1614710727.0
182,mutsu,41.2894,141.2169,25.83,91.0,65.0,15.75,JP,1614710727.0
183,manakara,-22.1333,48.0167,76.17,84.0,100.0,0.83,MG,1614710727.0
184,bom jesus,-9.0744,-44.3586,81.36,79.0,88.0,6.8,BR,1614710728.0
185,shingu,33.7333,135.9833,36.72,79.0,0.0,8.68,JP,1614710728.0
186,batemans bay,-35.7167,150.1833,55.0,66.0,6.0,1.01,AU,1614710728.0
187,tuktoyaktuk,69.4541,-133.0374,-14.8,70.0,75.0,13.8,CA,1614710728.0
188,katsuura,35.1333,140.3,45.0,38.0,49.0,3.0,JP,1614710729.0
189,buala,-8.145,159.5921,79.39,84.0,99.0,8.59,SB,1614710729.0
190,namibe,-15.1961,12.1522,73.38,80.0,6.0,3.53,AO,1614710730.0
191,itaguai,-22.8522,-43.7753,93.2,40.0,40.0,13.8,BR,1614710730.0
192,kavieng,-2.5744,150.7967,82.53,76.0,100.0,9.82,PG,1614710730.0
193,kjollefjord,70.9457,27.3465,30.2,64.0,75.0,8.05,NO,1614710732.0
194,san cristobal,7.7669,-72.225,80.6,61.0,40.0,10.36,VE,1614710732.0
196,mayo,38.8876,-76.5119,42.01,35.0,1.0,10.36,US,1614710732.0
197,parabel,58.6978,81.4825,-9.72,99.0,26.0,5.99,RU,1614710732.0
198,castro,-24.7911,-50.0119,74.07,82.0,89.0,6.02,BR,1614710733.0
199,negombo,7.2083,79.8358,78.8,78.0,20.0,3.44,LK,1614710733.0
200,tessalit,20.1986,1.0114,80.82,14.0,0.0,7.38,ML,1614710733.0
201,cambrai,50.1667,3.4167,51.8,66.0,0.0,7.27,FR,1614710733.0
202,ahipara,-35.1667,173.1667,65.37,92.0,71.0,6.78,NZ,1614710734.0
203,mana,5.6592,-53.7767,81.12,75.0,72.0,7.65,GF,1614710734.0
204,kaitangata,-46.2817,169.8464,55.54,94.0,32.0,3.6,NZ,1614710734.0
205,labuhan,-6.8844,112.2051,79.12,85.0,96.0,4.12,ID,1614710735.0
207,nizhnevartovsk,60.9344,76.5531,-4.0,71.0,0.0,11.18,RU,1614710735.0
208,touros,-5.1989,-35.4608,84.2,65.0,40.0,13.8,BR,1614710735.0
209,nantucket,41.2835,-70.0995,24.8,39.0,1.0,20.71,US,1614710735.0
210,kinablangan,7.6947,126.5503,77.65,82.0,62.0,4.23,PH,1614710736.0
211,half moon bay,37.4636,-122.4286,62.01,58.0,1.0,5.75,US,1614710736.0
212,vila franca do campo,37.7167,-25.4333,59.0,94.0,75.0,18.41,PT,1614710736.0
213,morgan city,29.6994,-91.2068,52.0,93.0,90.0,12.66,US,1614710737.0
214,virtsu,58.5716,23.5115,34.0,73.0,3.0,7.0,EE,1614710737.0
215,geraldton,-28.7667,114.6,71.6,78.0,75.0,16.11,AU,1614710737.0
216,padang,-0.9492,100.3543,73.4,100.0,75.0,2.3,ID,1614710737.0
217,antalaha,-14.9003,50.2788,76.5,89.0,6.0,4.32,MG,1614710738.0
218,port jervis,41.3751,-74.6927,27.0,41.0,10.0,4.0,US,1614710738.0
219,seoul,37.5683,126.9778,30.2,86.0,0.0,4.61,KR,1614710738.0
220,chuy,-33.6971,-53.4616,78.76,73.0,4.0,13.91,UY,1614710739.0
221,lavrentiya,65.5833,-171.0,-22.09,86.0,26.0,13.04,RU,1614710739.0
222,rio gallegos,-51.6226,-69.2181,62.6,27.0,40.0,17.27,AR,1614710739.0
223,hilo,19.7297,-155.09,68.0,83.0,90.0,3.44,US,1614710739.0
224,hameenlinna,60.996,24.4643,34.0,69.0,0.0,10.36,FI,1614710740.0
225,arraial do cabo,-22.9661,-42.0278,87.8,61.0,0.0,25.32,BR,1614710740.0
226,port elizabeth,-33.918,25.5701,69.8,88.0,0.0,6.91,ZA,1614710740.0
227,iquitos,-3.7481,-73.2472,87.8,66.0,75.0,4.61,PE,1614710740.0
228,salalah,17.0151,54.0924,77.0,78.0,75.0,3.44,OM,1614710741.0
229,steamboat springs,40.485,-106.8317,39.0,58.0,1.0,2.04,US,1614710741.0
230,longyearbyen,78.2186,15.6401,12.2,57.0,20.0,10.36,SJ,1614710741.0
231,buncrana,55.1333,-7.45,42.8,75.0,90.0,4.61,IE,1614710742.0
232,beloha,-25.1667,45.05,75.42,84.0,100.0,12.68,MG,1614710742.0
233,qasigiannguit,68.8193,-51.1922,26.6,50.0,75.0,14.97,GL,1614710742.0
234,pingliang,35.5392,106.6861,36.55,79.0,4.0,3.33,CN,1614710743.0
235,aguimes,27.9054,-15.4461,68.0,68.0,20.0,18.41,ES,1614710743.0
236,benguela,-12.5763,13.4055,76.23,78.0,76.0,4.16,AO,1614710744.0
237,bubaque,11.2833,-15.8333,79.39,59.0,44.0,15.75,GW,1614710744.0
238,qixia,37.2975,120.8256,35.01,80.0,62.0,7.9,CN,1614710744.0
239,port macquarie,-31.4333,152.9167,66.99,91.0,100.0,5.57,AU,1614710745.0
240,exeter,50.7236,-3.5275,43.0,86.0,95.0,5.19,GB,1614710745.0
242,humaita,-7.5061,-63.0208,71.69,98.0,100.0,3.15,BR,1614710746.0
244,manggar,-2.8833,108.2667,78.12,90.0,92.0,7.07,ID,1614710747.0
245,lakes entrance,-37.8811,147.981,51.01,76.0,100.0,10.94,AU,1614710747.0
246,verkhoyansk,67.5447,133.385,-36.02,97.0,91.0,1.57,RU,1614710747.0
247,san joaquin,37.9333,-121.3011,57.99,54.0,1.0,3.69,US,1614710748.0
250,pangai,-19.8,-174.35,75.2,100.0,90.0,9.71,TO,1614710749.0
251,puerto madryn,-42.7692,-65.0385,63.86,63.0,96.0,16.84,AR,1614710749.0
252,alofi,-19.0595,-169.9187,73.4,100.0,95.0,3.44,NU,1614710749.0
253,kapaa,22.0752,-159.319,73.4,68.0,75.0,24.16,US,1614710750.0
254,lagoa,39.05,-27.9833,53.83,79.0,100.0,10.11,PT,1614710750.0
255,praya,14.9215,-23.5087,75.2,53.0,0.0,13.8,CV,1614710751.0
257,manaure,11.7751,-72.4445,86.85,43.0,0.0,17.27,CO,1614710751.0
259,lokosovo,61.1333,74.8167,3.02,93.0,100.0,10.13,RU,1614710752.0
260,caravelas,-17.7125,-39.2481,82.42,65.0,0.0,7.83,BR,1614710752.0
261,dargaville,-35.9333,173.8833,63.63,92.0,26.0,6.11,NZ,1614710753.0
262,singarayakonda,15.25,80.0333,75.67,75.0,0.0,10.83,IN,1614710753.0
263,vila velha,-20.3297,-40.2925,86.0,65.0,20.0,10.36,BR,1614710754.0
265,monte alegre,-2.0078,-54.0692,82.31,69.0,91.0,5.73,BR,1614710754.0
266,ada,43.4166,-116.1262,45.0,45.0,1.0,11.3,US,1614710756.0
267,fengrun,39.8333,118.1167,37.0,81.0,0.0,15.99,CN,1614710756.0
268,poum,-20.2333,164.0167,80.1,79.0,100.0,15.73,NC,1614710756.0
269,faya,18.3851,42.4509,60.8,67.0,20.0,6.91,SA,1614710757.0
270,mar del plata,-38.0023,-57.5575,77.0,78.0,20.0,16.11,AR,1614710757.0
271,coihaique,-45.5752,-72.0662,66.2,52.0,90.0,10.36,CL,1614710757.0
272,yantai,37.5333,121.4,35.33,81.0,1.0,12.35,CN,1614710758.0
273,jardim,-21.4803,-56.1381,89.1,53.0,1.0,5.97,BR,1614710758.0
274,berdsk,54.7551,83.0967,6.8,85.0,90.0,6.71,RU,1614710758.0
275,isangel,-19.55,169.2667,77.88,84.0,6.0,8.55,VU,1614710759.0
276,acapulco,16.8634,-99.8901,86.0,62.0,75.0,4.61,MX,1614710759.0
277,bozoum,6.3193,16.3799,79.52,21.0,100.0,2.55,CF,1614710760.0
278,matola,-25.9622,32.4589,78.01,73.0,20.0,8.05,MZ,1614710760.0
279,farragut,35.8845,-84.1535,48.0,49.0,1.0,6.91,US,1614710760.0
280,broken hill,-31.95,141.4333,66.2,24.0,90.0,10.36,AU,1614710760.0
281,san carlos de bariloche,-41.1456,-71.3082,82.4,24.0,20.0,6.91,AR,1614710761.0
282,pevek,69.7008,170.3133,-29.9,97.0,5.0,4.47,RU,1614710761.0
284,saldanha,-33.0117,17.9442,66.2,82.0,0.0,8.05,ZA,1614710762.0
285,palana,59.1167,159.9667,-3.08,88.0,97.0,6.46,RU,1614710762.0
287,lecce,40.2167,18.1667,52.0,66.0,0.0,6.91,IT,1614710763.0
288,songjianghe,42.1859,127.479,13.93,88.0,0.0,7.43,CN,1614710763.0
289,havre-saint-pierre,50.2334,-63.5986,32.0,93.0,90.0,14.97,CA,1614710764.0
290,ixtapa,20.7,-105.2,73.4,78.0,1.0,9.22,MX,1614710765.0
291,kruisfontein,-34.0033,24.7314,69.01,88.0,45.0,1.01,ZA,1614710765.0
292,hami,42.8,93.45,32.63,83.0,1.0,1.74,CN,1614710765.0
293,merauke,-8.4667,140.3333,80.65,86.0,100.0,13.58,ID,1614710765.0
295,xacmaz,41.4635,48.806,38.41,84.0,0.0,4.83,AZ,1614710766.0
296,port said,31.2565,32.2841,60.8,63.0,40.0,14.97,EG,1614710766.0
297,pundaguitan,6.3711,126.1689,80.46,80.0,82.0,15.05,PH,1614710767.0
298,kudahuvadhoo,2.6708,72.8944,82.36,71.0,52.0,16.67,MV,1614710767.0
299,allapalli,19.4167,80.0667,73.31,20.0,0.0,2.93,IN,1614710767.0
300,egvekinot,66.3167,-179.1667,-20.04,84.0,2.0,13.98,RU,1614710768.0
301,flinders,-34.5833,150.8552,63.0,74.0,100.0,4.0,AU,1614710768.0
302,cherskiy,68.75,161.3,-36.63,83.0,36.0,1.07,RU,1614710769.0
303,hadejia,12.4498,10.0444,83.66,14.0,100.0,11.97,NG,1614710769.0
304,upernavik,72.7868,-56.1549,12.87,50.0,100.0,7.31,GL,1614710769.0
305,bundaberg,-24.85,152.35,75.99,88.0,40.0,4.61,AU,1614710770.0
306,ciudad bolivar,8.1222,-63.5497,89.24,42.0,100.0,12.08,VE,1614710770.0
307,isakly,54.1333,51.5333,30.56,98.0,100.0,8.3,RU,1614710771.0
308,necochea,-38.5473,-58.7368,82.99,55.0,14.0,8.01,AR,1614710771.0
310,preobrazheniye,42.9019,133.9064,14.86,45.0,0.0,4.47,RU,1614710772.0
311,san francisco el alto,14.95,-91.45,71.6,26.0,0.0,23.02,GT,1614710772.0
312,jacareacanga,-6.2222,-57.7528,82.4,74.0,75.0,3.44,BR,1614710773.0
313,tura,25.5198,90.2201,66.22,26.0,0.0,3.58,IN,1614710773.0
314,ekibastuz,51.6667,75.3667,11.25,94.0,87.0,9.64,KZ,1614710773.0
315,virden,39.5009,-89.7679,46.99,62.0,0.0,11.01,US,1614710774.0
316,kapoeta,4.7717,33.5903,87.53,27.0,0.0,11.9,SS,1614710774.0
317,goundam,16.4145,-3.6708,87.01,13.0,0.0,9.89,ML,1614710774.0
318,cidreira,-30.1811,-50.2056,80.42,69.0,2.0,8.81,BR,1614710775.0
319,walvis bay,-22.9575,14.5053,68.0,87.0,0.0,5.01,NA,1614710775.0
320,aklavik,68.2191,-135.0107,-20.2,76.0,100.0,8.12,CA,1614710775.0
321,sooke,48.3746,-123.7276,45.0,69.0,75.0,16.11,CA,1614710776.0
322,ozernovskiy,51.5,156.5167,27.81,88.0,100.0,19.15,RU,1614710776.0
323,champerico,14.3,-91.9167,91.4,46.0,20.0,9.22,GT,1614710776.0
324,pangani,-5.4333,38.9667,78.53,80.0,0.0,7.81,TZ,1614710776.0
326,san severo,41.6897,15.376,48.2,87.0,0.0,3.44,IT,1614710777.0
327,aksarka,66.5606,67.7975,5.86,95.0,100.0,6.51,RU,1614710777.0
328,gimbi,9.1667,35.8333,63.37,55.0,100.0,3.0,ET,1614710778.0
329,baghmara,23.795,86.2085,68.0,22.0,0.0,2.8,IN,1614710778.0
330,zyryanka,65.75,150.85,-28.59,85.0,100.0,1.12,RU,1614710778.0
331,prieska,-29.6641,22.7474,83.21,24.0,88.0,5.19,ZA,1614710779.0
332,noumea,-22.2763,166.4572,78.01,88.0,0.0,4.61,NC,1614710779.0
333,avarua,-21.2078,-159.775,80.6,83.0,100.0,2.3,CK,1614710779.0
334,lucea,18.451,-78.1736,84.2,70.0,20.0,17.27,JM,1614710780.0
335,bathsheba,13.2167,-59.5167,82.4,57.0,40.0,19.57,BB,1614710780.0
336,saint albans,51.75,-0.3333,42.01,93.0,90.0,5.75,GB,1614710780.0
337,rio grande,-32.035,-52.0986,79.0,83.0,75.0,14.97,BR,1614710781.0
338,kindu,-2.95,25.95,76.12,79.0,100.0,3.96,CD,1614710781.0
339,daru,-9.0763,143.2092,78.08,89.0,100.0,14.27,PG,1614710782.0
340,victoria point,-27.5833,153.3,73.0,93.0,51.0,15.73,AU,1614710782.0
341,sandy bay,-42.913,147.3532,48.99,76.0,40.0,5.75,AU,1614710782.0
342,ostrovnoy,68.0531,39.5131,27.82,97.0,100.0,30.33,RU,1614710782.0
343,coos bay,43.3665,-124.2179,53.01,93.0,40.0,3.44,US,1614710783.0
344,collie,-33.3667,116.15,64.49,87.0,100.0,11.01,AU,1614710783.0
345,taksimo,56.3444,114.8794,-15.68,83.0,96.0,1.77,RU,1614710783.0
346,mujiayingzi,42.1167,118.7833,25.63,94.0,0.0,7.14,CN,1614710783.0
347,yar-sale,66.8333,70.8333,6.44,94.0,100.0,16.89,RU,1614710784.0
348,gimli,50.6336,-96.9907,28.4,69.0,82.0,10.36,CA,1614710784.0
349,belyy yar,53.6039,91.3903,17.6,86.0,0.0,4.47,RU,1614710784.0
350,obihiro,42.9172,143.2044,10.47,90.0,0.0,7.4,JP,1614710785.0
351,muravlenko,63.7898,74.523,0.72,93.0,100.0,20.29,RU,1614710785.0
352,catarman,12.4989,124.6377,74.34,90.0,33.0,5.61,PH,1614710786.0
353,comendador,18.8775,-71.7028,89.47,26.0,21.0,2.77,DO,1614710786.0
354,villamontes,-21.25,-63.5,97.21,25.0,33.0,5.39,BO,1614710787.0
355,vista hermosa,19.5167,-99.2167,73.4,33.0,1.0,3.67,MX,1614710787.0
356,kisangani,0.5167,25.2,79.09,32.0,4.0,1.68,CD,1614710787.0
357,saint-francois,46.4154,3.9054,51.8,50.0,0.0,6.91,FR,1614710788.0
359,mbandaka,0.0487,18.2603,81.43,54.0,0.0,2.17,CD,1614710791.0
360,deputatskiy,69.3,139.9,-35.37,85.0,99.0,0.94,RU,1614710791.0
361,viedma,-40.8135,-62.9967,74.66,63.0,47.0,20.49,AR,1614710792.0
362,port augusta,-32.5,137.7667,69.8,49.0,100.0,11.5,AU,1614710792.0
364,rawson,-43.3002,-65.1023,62.82,66.0,92.0,16.84,AR,1614710792.0
366,sydney,-33.8679,151.2073,68.0,68.0,75.0,19.57,AU,1614710794.0
368,yinchuan,38.4681,106.2731,37.0,19.0,0.0,3.62,CN,1614710796.0
369,barra do garcas,-15.89,-52.2567,78.53,83.0,93.0,10.04,BR,1614710796.0
370,north branch,45.5113,-92.9802,42.8,56.0,1.0,16.11,US,1614710797.0
371,coquimbo,-29.9533,-71.3436,68.0,68.0,20.0,13.8,CL,1614710797.0
372,bequimao,-2.4489,-44.7825,87.8,70.0,75.0,12.66,BR,1614710797.0
373,vrangel,42.7297,133.0839,15.71,79.0,0.0,7.63,RU,1614710798.0
374,syracuse,37.0881,15.2792,55.0,82.0,40.0,5.75,IT,1614710798.0
375,pramanta,39.5231,21.1014,46.4,66.0,0.0,3.44,GR,1614710798.0
376,ambilobe,-13.2,49.05,74.89,89.0,67.0,1.23,MG,1614710799.0
377,kohima,25.6667,94.1167,55.8,42.0,37.0,1.7,IN,1614710799.0
378,kenai,60.5544,-151.2583,17.6,79.0,90.0,12.66,US,1614710799.0
379,matadi,-5.8167,13.45,81.54,76.0,100.0,1.88,CD,1614710799.0
380,zastavna,48.5231,25.8437,42.01,70.0,3.0,15.08,UA,1614710800.0
381,opuwo,-18.0607,13.84,76.73,39.0,33.0,11.86,NA,1614710800.0
382,shuangyang,43.5242,125.6736,21.2,42.0,0.0,11.18,CN,1614710800.0
383,port keats,-14.25,129.55,80.92,84.0,99.0,8.72,AU,1614710801.0
385,maldonado,-34.6667,-54.9167,84.2,65.0,40.0,13.8,UY,1614710801.0
387,kadipaten,-8.1357,113.2158,75.16,80.0,51.0,1.95,ID,1614710802.0
388,alakurtti,66.9672,30.3491,19.0,88.0,16.0,3.0,RU,1614710803.0
389,werda,-25.2667,23.2833,74.3,43.0,53.0,6.69,BW,1614710803.0
390,hirosaki,40.5931,140.4725,24.93,94.0,97.0,7.56,JP,1614710804.0
391,puerto escondido,15.85,-97.0667,82.4,74.0,20.0,5.75,MX,1614710804.0
392,porto san giorgio,43.1827,13.7934,46.99,10.0,0.0,4.74,IT,1614710805.0
393,sangar,63.9242,127.4739,-29.36,98.0,100.0,3.49,RU,1614710805.0
394,ponta do sol,32.6667,-17.1,60.01,58.0,97.0,4.0,PT,1614710805.0
395,verkhnyaya inta,65.9811,60.3094,9.77,95.0,99.0,4.03,RU,1614710805.0
396,coahuayana,18.7333,-103.6833,77.0,65.0,1.0,7.67,MX,1614710805.0
397,kaputa,-8.4689,29.6619,71.1,81.0,100.0,3.83,ZM,1614710806.0
398,piacabucu,-10.4056,-36.4344,82.58,68.0,0.0,11.83,BR,1614710806.0
399,mmathubudukwane,-24.6,26.4333,69.8,73.0,20.0,5.75,BW,1614710806.0
400,veraval,20.9,70.3667,73.72,39.0,0.0,12.08,IN,1614710807.0
401,malumfashi,11.7853,7.6218,80.11,16.0,6.0,9.53,NG,1614710807.0
402,northam,51.0333,-4.2167,46.0,89.0,15.0,8.86,GB,1614710807.0
403,siderno,38.2779,16.302,55.99,82.0,6.0,4.61,IT,1614710807.0
404,husavik,66.0449,-17.3389,35.6,87.0,90.0,8.05,IS,1614710808.0
405,araouane,18.9048,-3.5265,81.0,15.0,0.0,9.46,ML,1614710808.0
406,yerbogachen,61.2767,108.0108,-33.09,83.0,92.0,4.79,RU,1614710808.0
407,marzuq,14.4,46.4667,63.0,49.0,0.0,5.66,YE,1614710809.0
409,mount isa,-20.7333,139.5,80.6,39.0,100.0,6.91,AU,1614710809.0
410,shimanovsk,52.0,127.7,-2.47,92.0,100.0,6.13,RU,1614710809.0
411,tyup,42.7276,78.3648,28.83,84.0,92.0,5.1,KG,1614710810.0
412,severo-yeniseyskiy,60.3725,93.0408,-27.49,98.0,1.0,2.21,RU,1614710810.0
413,hervey bay,-25.2986,152.8535,73.99,90.0,90.0,5.99,AU,1614710810.0
414,kaseda,31.4167,130.3167,43.2,67.0,0.0,9.84,JP,1614710811.0
415,richards bay,-28.783,32.0377,71.22,89.0,0.0,6.24,ZA,1614710811.0
416,maputo,-25.9653,32.5892,78.01,73.0,20.0,8.05,MZ,1614710811.0
417,griffith,41.5284,-87.4237,37.99,64.0,1.0,18.41,US,1614710811.0
418,usinsk,65.9939,57.5281,7.0,95.0,83.0,9.62,RU,1614710812.0
419,belmonte,-15.8631,-38.8828,80.6,69.0,40.0,12.66,BR,1614710812.0
420,miyako,39.6367,141.9525,31.42,88.0,15.0,11.74,JP,1614710812.0
421,wanaka,-44.7,169.15,55.99,82.0,100.0,2.28,NZ,1614710812.0
422,olafsvik,64.8945,-23.7142,38.8,93.0,100.0,16.49,IS,1614710813.0
423,nisia floresta,-6.0911,-35.2086,84.2,70.0,75.0,14.97,BR,1614710813.0
424,petropavlovsk-kamchatskiy,53.0452,158.6483,15.8,92.0,90.0,8.95,RU,1614710813.0
425,nieuw amsterdam,5.8833,-55.0833,84.2,70.0,40.0,6.91,SR,1614710813.0
426,waterloo,43.4668,-80.5164,26.01,63.0,1.0,11.5,CA,1614710814.0
427,norman wells,65.282,-126.8329,-16.6,76.0,75.0,8.05,CA,1614710814.0
428,nizwa,22.9333,57.5333,69.93,35.0,0.0,5.61,OM,1614710814.0
429,dingle,10.9995,122.6711,74.01,89.0,100.0,8.16,PH,1614710815.0
430,jumla,29.2747,82.1838,39.85,55.0,0.0,3.89,NP,1614710815.0
431,guerrero negro,27.9769,-114.0611,74.48,18.0,0.0,1.39,MX,1614710816.0
433,batagay-alyta,67.8006,130.4114,-33.12,92.0,17.0,2.21,RU,1614710816.0
434,bandarbeyla,9.4942,50.8122,77.25,77.0,19.0,15.35,SO,1614710817.0
435,sawtell,-30.3833,153.1,68.0,94.0,40.0,5.75,AU,1614710817.0
437,nchelenge,-9.3451,28.734,72.75,82.0,100.0,3.58,ZM,1614710818.0
438,arvin,35.2091,-118.8284,64.0,16.0,0.0,11.01,US,1614710818.0
439,samarai,-10.6167,150.6667,80.89,79.0,48.0,9.15,PG,1614710818.0
440,hirara,24.8,125.2833,65.03,75.0,99.0,19.48,JP,1614710819.0
441,solwezi,-12.1688,26.3894,62.96,97.0,100.0,2.86,ZM,1614710819.0
442,jaragua do sul,-26.4861,-49.0667,80.01,87.0,93.0,3.02,BR,1614710819.0
443,faanui,-16.4833,-151.75,82.56,75.0,5.0,5.66,PF,1614710820.0
444,okhotsk,59.3833,143.3,-6.34,91.0,100.0,1.1,RU,1614710820.0
445,okha,53.5739,142.9478,-14.69,86.0,0.0,8.81,RU,1614710820.0
446,shepsi,44.0361,39.1489,42.71,75.0,39.0,8.95,RU,1614710821.0
447,yumen,40.2833,97.2,32.09,74.0,0.0,12.59,CN,1614710821.0
448,buraydah,26.326,43.975,66.2,48.0,0.0,8.05,SA,1614710821.0
450,zhangjiakou,40.81,114.8794,30.4,91.0,0.0,2.13,CN,1614710822.0
451,la ronge,55.1001,-105.2842,10.4,72.0,100.0,3.44,CA,1614710822.0
452,marataizes,-21.0433,-40.8244,78.73,82.0,80.0,14.36,BR,1614710822.0
453,scottsbluff,41.8666,-103.6672,59.0,17.0,1.0,18.41,US,1614710823.0
454,jawhar,2.7809,45.5005,76.66,75.0,0.0,17.9,SO,1614710823.0
455,bilibino,68.0546,166.4372,-25.85,82.0,0.0,1.57,RU,1614710823.0
456,catacamas,14.8,-85.9,82.4,65.0,75.0,7.56,HN,1614710824.0
457,mount gambier,-37.8333,140.7667,51.8,71.0,90.0,3.44,AU,1614710824.0
458,zhanakorgan,43.9098,67.2495,32.52,87.0,100.0,7.56,KZ,1614710824.0
459,den helder,52.9599,4.7593,45.0,93.0,0.0,6.91,NL,1614710825.0
460,haines junction,60.7522,-137.5108,26.6,63.0,100.0,5.75,CA,1614710825.0
461,vao,-22.6667,167.4833,77.58,76.0,91.0,12.5,NC,1614710826.0
462,tucupita,9.0622,-62.051,80.69,69.0,100.0,4.65,VE,1614710826.0
463,byron bay,-28.65,153.6167,75.2,69.0,90.0,11.5,AU,1614710827.0
464,farafangana,-22.8167,47.8333,77.58,80.0,95.0,4.34,MG,1614710827.0
465,severo-kurilsk,50.6789,156.125,34.07,94.0,100.0,19.1,RU,1614710827.0
466,mahibadhoo,3.7833,72.9667,82.08,71.0,88.0,16.44,MV,1614710827.0
467,vilhena,-12.7406,-60.1458,82.4,69.0,75.0,10.36,BR,1614710828.0
468,soanierana ivongo,-16.9167,49.5833,77.47,85.0,2.0,4.21,MG,1614710828.0
469,bindura,-17.3019,31.3306,64.0,80.0,62.0,5.99,ZW,1614710828.0
470,dolores,-36.3132,-57.6792,86.81,46.0,8.0,14.56,AR,1614710829.0
473,carnot,4.9409,15.8665,79.56,24.0,73.0,2.37,CF,1614710830.0
475,nhulunbuy,-12.2333,136.7667,82.4,89.0,40.0,9.22,AU,1614710830.0
476,santa maria,-29.6842,-53.8069,86.0,62.0,75.0,6.91,BR,1614710830.0
477,sarkand,45.41,79.9186,34.9,85.0,100.0,2.28,KZ,1614710831.0
478,pacific grove,36.6177,-121.9166,57.2,44.0,1.0,5.75,US,1614710831.0
480,wagar,16.1525,36.2032,70.3,56.0,46.0,14.67,SD,1614710832.0
482,hofn,64.2539,-15.2082,41.56,78.0,43.0,4.74,IS,1614710832.0
483,sao joao da barra,-21.6403,-41.0511,84.2,58.0,0.0,16.11,BR,1614710832.0
484,tebingtinggi,3.3285,99.1625,78.8,94.0,40.0,2.3,ID,1614710833.0
485,valreas,44.3837,4.9908,51.01,76.0,0.0,2.3,FR,1614710833.0
486,doha,25.2867,51.5333,71.6,60.0,0.0,13.8,QA,1614710833.0
487,sao gabriel da cachoeira,-0.1303,-67.0892,86.0,70.0,40.0,5.75,BR,1614710834.0
488,lensk,60.7253,114.9278,-17.97,86.0,100.0,3.8,RU,1614710834.0
489,road town,18.4167,-64.6167,79.0,65.0,40.0,16.11,VG,1614710834.0
490,safaga,26.7292,33.9365,66.2,45.0,0.0,11.5,EG,1614710834.0
492,shamkhal,43.0596,47.3373,35.6,87.0,0.0,2.24,RU,1614710835.0
493,kirakira,-10.4544,161.9205,78.21,83.0,100.0,1.68,SB,1614710835.0
494,namatanai,-3.6667,152.4333,79.25,83.0,100.0,4.94,PG,1614710835.0
495,baracoa,20.3467,-74.4958,79.77,63.0,15.0,8.9,CU,1614710836.0
496,fortuna,40.5982,-124.1573,60.01,55.0,53.0,4.0,US,1614710836.0
497,pasighat,28.0667,95.3333,65.68,42.0,32.0,5.55,IN,1614710836.0
498,vredendal,-31.6683,18.5012,66.27,75.0,0.0,8.43,ZA,1614710837.0
499,nongan,44.382,125.1685,21.2,42.0,0.0,11.18,CN,1614710838.0
500,honningsvag,70.9821,25.9704,30.2,64.0,75.0,8.05,NO,1614710838.0
501,omboue,-1.5746,9.2618,80.19,88.0,100.0,7.58,GA,1614710838.0
502,minsk,53.9,27.5667,35.6,87.0,0.0,11.18,BY,1614710839.0
503,naze,28.3667,129.4833,54.64,74.0,46.0,16.44,JP,1614710839.0
504,mtwara,-10.2667,40.1833,82.4,83.0,40.0,11.5,TZ,1614710839.0
505,narasannapeta,18.4167,84.05,72.37,85.0,0.0,4.45,IN,1614710840.0
506,sozimskiy,59.7418,52.2482,21.38,96.0,88.0,5.93,RU,1614710840.0
508,tchollire,8.4022,14.1698,85.5,14.0,1.0,1.72,CM,1614710840.0
509,inhambane,-23.865,35.3833,77.0,88.0,20.0,6.91,MZ,1614710841.0
511,bermejo,-32.8833,-68.8,78.8,44.0,20.0,10.36,AR,1614710841.0
512,kihei,20.785,-156.4656,70.0,73.0,20.0,17.27,US,1614710842.0
513,warrington,53.3925,-2.5802,43.0,87.0,0.0,6.91,GB,1614710842.0
514,zhezkazgan,47.8043,67.7144,6.42,95.0,91.0,9.71,KZ,1614710843.0
515,lufilufi,-13.8745,-171.5986,77.0,94.0,75.0,4.61,WS,1614710843.0
516,la palma,33.8464,-118.0467,73.0,20.0,20.0,4.29,US,1614710843.0
517,hualmay,-11.0964,-77.6139,79.11,59.0,65.0,8.43,PE,1614710844.0
518,metro,-5.1131,105.3067,75.07,93.0,100.0,4.85,ID,1614710844.0
519,emba,48.8264,58.1442,13.41,96.0,100.0,11.32,KZ,1614710844.0
520,lahat,-3.8,103.5333,73.22,93.0,100.0,0.78,ID,1614710846.0
521,zima,53.9202,102.0442,4.28,96.0,100.0,4.74,RU,1614710846.0
522,panan,15.2134,120.0272,77.0,83.0,20.0,4.61,PH,1614710846.0
523,baykit,61.67,96.37,-33.84,76.0,0.0,2.59,RU,1614710847.0
524,lethem,3.3803,-59.7968,89.06,36.0,65.0,12.97,GY,1614710847.0
525,makat,47.6469,53.3463,26.65,97.0,30.0,14.76,KZ,1614710848.0
526,yei,4.095,30.6779,77.38,28.0,80.0,4.5,SS,1614710848.0
527,cuiluan,47.72,128.648,4.57,89.0,100.0,3.31,CN,1614710848.0
528,xam nua,20.4197,104.0439,59.11,92.0,59.0,3.04,LA,1614710849.0
529,zhengjiatun,43.5064,123.5064,24.4,84.0,100.0,17.52,CN,1614710849.0
530,dongsheng,39.8161,109.9776,30.7,81.0,0.0,10.74,CN,1614710850.0
531,marsh harbour,26.5412,-77.0636,76.6,70.0,69.0,5.86,BS,1614710850.0
532,rocha,-34.4833,-54.3333,80.78,67.0,7.0,13.91,UY,1614710850.0
533,margate,51.3813,1.3862,43.0,86.0,0.0,1.01,GB,1614710851.0
534,sharjah,25.3573,55.4033,80.6,43.0,0.0,3.44,AE,1614710851.0
535,jalingo,8.8833,11.3667,88.12,13.0,19.0,4.63,NG,1614710851.0
536,grand gaube,-20.0064,57.6608,77.0,80.0,17.0,1.99,MU,1614710852.0
537,sabang,5.8933,95.3214,81.82,76.0,3.0,4.76,ID,1614710852.0
538,vestmannaeyjar,63.4427,-20.2734,44.6,93.0,90.0,6.91,IS,1614710852.0
539,havelock,34.8791,-76.9013,51.01,49.0,1.0,10.36,US,1614710852.0
540,glenwood springs,39.5505,-107.3248,39.0,40.0,1.0,4.61,US,1614710853.0
542,nelson bay,-32.7167,152.15,66.2,88.0,90.0,10.51,AU,1614710853.0
543,broome,42.2506,-75.833,21.99,53.0,75.0,14.97,US,1614710853.0
544,lingdong,46.5669,131.1453,0.37,89.0,5.0,5.99,CN,1614710854.0
545,kibala,9.1104,18.3463,93.2,20.0,0.0,5.1,TD,1614710854.0
546,hasaki,35.7333,140.8333,42.8,70.0,75.0,6.91,JP,1614710854.0
547,shahr-e kord,32.3256,50.8644,35.6,69.0,20.0,4.61,IR,1614710854.0
548,tromso,69.6496,18.957,32.0,86.0,90.0,14.97,NO,1614710855.0
549,bonthe,7.5264,-12.505,80.38,80.0,60.0,8.93,SL,1614710855.0
550,mangan,27.5167,88.5333,57.4,36.0,0.0,5.64,IN,1614710855.0
551,saharsa,25.8833,86.6,62.02,28.0,0.0,2.75,IN,1614710856.0
552,taraz,42.9,71.3667,35.6,87.0,90.0,2.24,KZ,1614710856.0
553,sao felix do xingu,-6.6447,-51.995,77.38,94.0,92.0,2.71,BR,1614710856.0
554,laguna,38.421,-121.4238,60.01,47.0,1.0,3.44,US,1614710856.0
556,pitiquito,30.7,-112.0833,71.01,18.0,0.0,3.0,MX,1614710858.0
557,passo fundo,-28.2628,-52.4067,76.55,81.0,98.0,4.79,BR,1614710858.0
559,mindelo,16.8901,-24.9804,73.4,56.0,75.0,23.02,CV,1614710859.0
560,zabid,14.1951,43.3152,80.19,63.0,2.0,2.28,YE,1614710859.0
561,ukiah,39.1502,-123.2078,57.0,49.0,1.0,1.03,US,1614710859.0
562,brae,60.3964,-1.353,35.6,87.0,40.0,1.14,GB,1614710859.0
563,bastia,42.6667,9.3333,53.01,87.0,0.0,3.44,FR,1614710861.0
566,eureka,40.8021,-124.1637,59.0,58.0,1.0,4.61,US,1614710862.0
567,bukachacha,52.9833,116.9167,-6.03,89.0,100.0,1.03,RU,1614710862.0
568,taybad,34.74,60.7756,47.07,44.0,0.0,7.27,IR,1614710863.0
569,port antonio,18.18,-76.4612,84.2,70.0,40.0,16.11,JM,1614710863.0
570,altoona,40.5187,-78.3947,36.0,43.0,0.0,1.01,US,1614710863.0
571,sault sainte marie,46.5168,-84.3333,32.0,59.0,75.0,19.57,CA,1614710863.0
572,kidal,18.4411,1.4078,82.74,18.0,10.0,6.35,ML,1614710864.0
573,nemuro,43.3236,145.575,21.61,92.0,100.0,25.34,JP,1614710864.0
574,tarko-sale,64.9225,77.785,-3.73,95.0,100.0,21.88,RU,1614710864.0
575,khash,28.2211,61.2158,57.43,41.0,34.0,4.61,IR,1614710864.0
576,tando jam,25.4272,68.5362,73.54,19.0,0.0,9.95,PK,1614710865.0
577,zhigalovo,54.8097,105.1578,-1.25,89.0,100.0,2.15,RU,1614710865.0
578,miranda,3.2499,-76.2281,80.6,57.0,40.0,2.3,CO,1614710866.0
579,khandyga,62.6667,135.6,-20.02,98.0,100.0,0.76,RU,1614710866.0
580,linares,-35.85,-71.6,95.92,22.0,0.0,4.52,CL,1614710867.0
581,wajima,37.4,136.9,34.97,85.0,97.0,15.26,JP,1614710867.0
582,nishiwaki,34.9833,134.9667,28.99,100.0,0.0,1.01,JP,1614710867.0
583,yulara,-25.2406,130.9889,78.8,44.0,2.0,14.97,AU,1614710867.0
584,fallon,39.4735,-118.7774,50.0,23.0,75.0,3.44,US,1614710868.0
585,dunedin,-45.8742,170.5036,59.0,91.0,57.0,8.01,NZ,1614710868.0
586,salinopolis,-0.6136,-47.3561,81.21,80.0,7.0,9.64,BR,1614710868.0
587,dagda,56.0951,27.5372,32.58,93.0,2.0,8.7,LV,1614710869.0
588,altamira,-3.2033,-52.2064,86.0,66.0,75.0,5.75,BR,1614710869.0
589,cap malheureux,-19.9842,57.6142,77.0,80.0,11.0,1.99,MU,1614710869.0
590,marystown,47.1666,-55.1483,28.65,94.0,100.0,14.12,CA,1614710869.0
593,montepuez,-13.1256,38.9997,71.24,95.0,100.0,1.34,MZ,1614710870.0
594,mwingi,-0.9344,38.0601,72.41,51.0,65.0,2.86,KE,1614710870.0
595,phan thiet,10.9333,108.1,72.52,86.0,100.0,7.67,VN,1614710871.0
596,liboro,13.8245,122.7295,76.48,86.0,8.0,5.91,PH,1614710871.0
597,meulaboh,4.1363,96.1285,75.0,89.0,97.0,2.89,ID,1614710871.0
598,sladkovo,55.5284,70.3385,-1.82,97.0,54.0,8.63,RU,1614710871.0
599,kjopsvik,68.097,16.3742,36.0,93.0,75.0,2.3,NO,1614710872.0
600,uruacu,-14.5247,-49.1408,78.71,84.0,80.0,3.2,BR,1614710872.0
601,urubicha,-15.3833,-62.95,78.51,76.0,80.0,3.13,BO,1614710872.0
602,yazman,29.1212,71.7446,70.92,19.0,0.0,7.83,PK,1614710872.0
603,mahajanga,-15.7167,46.3167,82.4,78.0,20.0,9.22,MG,1614710873.0
604,port moresby,-9.4431,147.1797,75.2,88.0,75.0,11.5,PG,1614710874.0
